n1,n2,t1,t2,surrogate_R_mean,method
1.2357272578537277,1.5596048063824581,1.1209617732946214e-07,1.4950372502934918e-07,0.0029046126941397825,Differential Evolution
